name,description,path
Decentralized,Devolved contextually-based knowledge base,/amet/justo
Persevering,Devolved client-driven encryption,/congue/eget/semper/rutrum
high-level,Decentralized composite leverage,/magnis/dis/parturient/montes/nascetur
multi-state,Customer-focused optimal strategy,/pharetra/magna/ac/consequat/metus/sapien/ut
client-server,Visionary motivating solution,/eget/massa/tempor
6th generation,Configurable hybrid toolset,/amet/lobortis/sapien/sapien/non
Organized,Cross-platform global capacity,/integer/non/velit/donec/diam/neque/vestibulum
interactive,Public-key national initiative,/ultrices
optimal,Proactive cohesive middleware,/bibendum/felis/sed/interdum/venenatis/turpis
high-level,Optional human-resource system engine,/ridiculus/mus/etiam/vel/augue/vestibulum
Integrated,Expanded heuristic matrices,/turpis/a/pede/posuere
methodology,Programmable uniform budgetary management,/quam/a
Assimilated,Synergized 4th generation toolset,/purus
projection,Digitized global archive,/ut/volutpat
frame,Managed clear-thinking budgetary management,/pede/ullamcorper/augue/a/suscipit/nulla
Organized,Ameliorated local data-warehouse,/quisque/arcu
customer loyalty,Up-sized secondary capacity,/adipiscing/elit
even-keeled,User-centric multi-tasking local area network,/vestibulum/velit/id/pretium/iaculis/diam
toolset,Customizable secondary contingency,/tincidunt
process improvement,De-engineered foreground hub,/pulvinar/lobortis/est/phasellus/sit/amet
Secured,Networked mission-critical intranet,/eleifend
Profit-focused,Inverse human-resource groupware,/non
hardware,Up-sized 24/7 secured line,/id
capability,Synergized content-based customer loyalty,/aliquam/sit/amet/diam/in
structure,Reduced asynchronous software,/eros/viverra/eget/congue
initiative,Mandatory human-resource info-mediaries,/a
product,Object-based human-resource implementation,/sem/duis/aliquam/convallis/nunc/proin
Future-proofed,Triple-buffered bottom-line concept,/duis/mattis/egestas/metus/aenean/fermentum/donec
directional,Re-engineered mobile leverage,/vel/lectus/in/quam/fringilla/rhoncus
policy,Total global instruction set,/blandit/non/interdum
matrix,Down-sized maximized open system,/id/mauris/vulputate/elementum
well-modulated,Progressive demand-driven framework,/imperdiet/nullam
Switchable,Multi-channelled tangible projection,/a/ipsum
Virtual,Cross-platform intangible migration,/imperdiet/nullam/orci/pede/venenatis
Polarised,Virtual mobile portal,/mattis/pulvinar/nulla
application,Reverse-engineered 5th generation internet solution,/amet/erat/nulla
infrastructure,Total hybrid matrices,/nunc/viverra/dapibus/nulla/suscipit/ligula
Automated,Advanced modular open system,/mus/etiam/vel/augue/vestibulum/rutrum
implementation,Vision-oriented empowering policy,/elementum/eu/interdum/eu/tincidunt
policy,Reactive tangible function,/vitae
mission-critical,Ergonomic didactic model,/at
Optional,Enhanced zero administration encoding,/tempus/semper/est/quam/pharetra/magna/ac
challenge,Progressive logistical structure,/libero/rutrum/ac
solution,Visionary zero tolerance local area network,/lectus/in/est/risus
internet solution,Organized contextually-based budgetary management,/egestas/metus/aenean/fermentum
forecast,Centralized tangible paradigm,/in/lectus/pellentesque/at/nulla/suspendisse
Face to face,Digitized context-sensitive migration,/nonummy/integer/non/velit
Fundamental,Open-architected global flexibility,/sem/mauris/laoreet/ut
productivity,Exclusive mission-critical model,/id/ligula/suspendisse/ornare/consequat
static,Front-line client-server portal,/in/hac
24/7,Stand-alone 3rd generation approach,/nisl
website,Team-oriented uniform toolset,/lacus
Multi-channelled,Multi-channelled mobile installation,/quis/odio/consequat/varius/integer/ac/leo
data-warehouse,Quality-focused non-volatile intranet,/vestibulum/sit/amet
Open-architected,Re-engineered web-enabled secured line,/donec/diam/neque
alliance,Public-key methodical emulation,/quam/suspendisse
analyzing,Synergized systematic paradigm,/dapibus/nulla/suscipit
groupware,Secured responsive adapter,/molestie/hendrerit/at
Digitized,Networked bandwidth-monitored architecture,/lorem
foreground,Profound client-driven success,/pellentesque/quisque/porta/volutpat/erat
attitude,Open-architected impactful standardization,/faucibus/cursus
tertiary,Customizable executive project,/elementum/ligula
fresh-thinking,Upgradable bifurcated benchmark,/ultrices/libero/non/mattis/pulvinar/nulla
core,Pre-emptive 24 hour ability,/id/sapien/in/sapien
circuit,Adaptive cohesive customer loyalty,/tristique/in/tempus
encryption,Enhanced upward-trending workforce,/in/tempor/turpis/nec/euismod
modular,Intuitive well-modulated neural-net,/turpis/integer
bottom-line,Optimized full-range hierarchy,/odio
Public-key,User-friendly interactive neural-net,/sit/amet/consectetuer/adipiscing
value-added,Implemented logistical leverage,/habitasse/platea
help-desk,Extended interactive monitoring,/nullam/molestie/nibh
access,Exclusive explicit challenge,/orci/luctus/et/ultrices/posuere/cubilia/curae
methodology,Mandatory directional capacity,/tellus/nulla/ut/erat/id/mauris/vulputate
time-frame,Ergonomic transitional workforce,/montes/nascetur
Open-source,Phased explicit internet solution,/semper/sapien/a
Ergonomic,Seamless uniform superstructure,/vitae/quam/suspendisse/potenti/nullam
framework,Enhanced executive flexibility,/dolor/morbi/vel
maximized,Monitored coherent Graphic Interface,/facilisi/cras/non/velit/nec/nisi/vulputate
Managed,Intuitive non-volatile data-warehouse,/faucibus/orci/luctus/et/ultrices/posuere/cubilia
application,User-centric explicit encryption,/magna
utilisation,Virtual exuding model,/ultrices/phasellus/id/sapien/in/sapien
implementation,Fundamental object-oriented interface,/nisl/duis/ac/nibh
optimal,Front-line mobile artificial intelligence,/pulvinar/lobortis
structure,Centralized demand-driven adapter,/tempus/semper/est/quam/pharetra/magna
Advanced,Exclusive mission-critical access,/blandit/mi/in/porttitor/pede/justo
transitional,Front-line homogeneous emulation,/ante/nulla/justo
bandwidth-monitored,Multi-lateral coherent encryption,/nulla/sed/accumsan/felis/ut/at/dolor
Business-focused,Grass-roots holistic monitoring,/suspendisse/potenti/in
capability,Integrated 24 hour parallelism,/rhoncus/dui/vel/sem/sed/sagittis/nam
Customizable,Upgradable optimizing time-frame,/lobortis/est/phasellus/sit/amet/erat/nulla
bottom-line,Monitored system-worthy ability,/phasellus/id/sapien/in
even-keeled,Fully-configurable discrete protocol,/maecenas/pulvinar/lobortis/est/phasellus/sit/amet
secondary,Monitored upward-trending productivity,/etiam/justo
didactic,Total intangible software,/egestas/metus/aenean/fermentum/donec/ut
Right-sized,Diverse tangible contingency,/sagittis/sapien/cum
firmware,Triple-buffered mission-critical system engine,/orci/nullam/molestie
customer loyalty,Advanced systemic standardization,/posuere/metus
process improvement,Enhanced object-oriented extranet,/non/pretium/quis/lectus/suspendisse/potenti/in
Visionary,Stand-alone needs-based hardware,/in
Stand-alone,Implemented fault-tolerant emulation,/nibh/in/lectus/pellentesque
capability,Realigned grid-enabled hierarchy,/lectus/suspendisse/potenti/in/eleifend/quam
portal,Polarised client-driven analyzer,/velit/id/pretium/iaculis/diam/erat/fermentum
tangible,Multi-channelled heuristic productivity,/vel/ipsum/praesent/blandit/lacinia/erat
bifurcated,Multi-tiered full-range functionalities,/integer/tincidunt/ante
synergy,Assimilated grid-enabled encoding,/ante/vestibulum/ante/ipsum/primis/in
4th generation,Optional heuristic neural-net,/nulla/integer
task-force,Up-sized explicit function,/et/ultrices/posuere/cubilia/curae
Proactive,Digitized mobile productivity,/imperdiet
actuating,Horizontal real-time help-desk,/at/feugiat/non
conglomeration,Re-contextualized tangible standardization,/sit/amet/erat/nulla/tempus/vivamus/in
Fundamental,Versatile background structure,/mollis/molestie/lorem/quisque/ut/erat/curabitur
architecture,Open-source dedicated secured line,/purus/phasellus/in/felis/donec/semper
Pre-emptive,Up-sized context-sensitive Graphic Interface,/lobortis/sapien/sapien/non/mi/integer
attitude-oriented,Enterprise-wide multimedia initiative,/nullam/orci
clear-thinking,Reverse-engineered optimal intranet,/primis/in/faucibus/orci/luctus/et
Balanced,Focused incremental hierarchy,/sapien
Up-sized,Function-based systematic time-frame,/ac/est
Focused,Compatible composite architecture,/lorem/ipsum/dolor/sit/amet/consectetuer/adipiscing
Versatile,Intuitive 24/7 moratorium,/sem
Ameliorated,Optional explicit monitoring,/tempor/convallis/nulla/neque/libero/convallis
info-mediaries,Ergonomic foreground application,/eleifend/quam/a/odio/in/hac
function,Progressive disintermediate strategy,/sit/amet/consectetuer/adipiscing/elit/proin
focus group,Programmable analyzing portal,/quam/pharetra/magna/ac/consequat/metus/sapien
Optimized,Configurable 4th generation policy,/nisl
zero defect,Multi-layered encompassing application,/integer/a/nibh/in
De-engineered,Function-based demand-driven website,/eros
approach,Reverse-engineered optimal productivity,/id/nisl/venenatis/lacinia/aenean/sit/amet
cohesive,Reactive logistical conglomeration,/integer/pede/justo/lacinia/eget/tincidunt/eget
empowering,Open-architected neutral initiative,/turpis/sed/ante/vivamus/tortor/duis/mattis
Cross-group,Exclusive leading edge Graphical User Interface,/amet/diam/in/magna/bibendum/imperdiet/nullam
interactive,Phased incremental Graphical User Interface,/felis/ut/at/dolor
capability,Enhanced multi-tasking algorithm,/sed/augue/aliquam/erat/volutpat
transitional,Profit-focused system-worthy adapter,/aliquam/sit/amet/diam
adapter,Optimized radical instruction set,/posuere/cubilia/curae/duis/faucibus/accumsan
maximized,Business-focused multimedia benchmark,/morbi/a/ipsum/integer/a/nibh/in
portal,Business-focused even-keeled website,/massa/donec/dapibus/duis/at
Optimized,Compatible cohesive forecast,/fermentum/justo/nec
adapter,Expanded uniform open system,/duis/bibendum/felis/sed/interdum/venenatis
Monitored,Optimized directional strategy,/volutpat/dui/maecenas/tristique/est/et/tempus
systematic,Digitized exuding contingency,/convallis/tortor/risus
asynchronous,Synchronised reciprocal methodology,/nulla/dapibus/dolor/vel/est/donec
Automated,Optimized zero administration conglomeration,/nunc/donec/quis/orci/eget/orci
Organic,Balanced encompassing system engine,/purus/eu/magna/vulputate/luctus/cum
standardization,Centralized disintermediate orchestration,/maecenas/leo/odio/condimentum/id
context-sensitive,Open-source attitude-oriented orchestration,/nec/euismod/scelerisque/quam/turpis
Multi-channelled,Diverse bifurcated Graphical User Interface,/donec/dapibus/duis
analyzing,Multi-tiered web-enabled challenge,/dui/vel/sem
Stand-alone,Diverse dedicated policy,/vitae/mattis/nibh/ligula/nec/sem/duis
full-range,Object-based fault-tolerant process improvement,/donec/dapibus/duis/at/velit/eu
real-time,Distributed tangible attitude,/ut/at/dolor/quis/odio/consequat/varius
productivity,Robust non-volatile paradigm,/neque
discrete,Integrated national encoding,/semper/rutrum/nulla
standardization,Cloned modular firmware,/sit
Optimized,Diverse zero tolerance instruction set,/non/pretium/quis/lectus
Secured,Self-enabling radical focus group,/nam/dui/proin
well-modulated,Networked well-modulated artificial intelligence,/adipiscing/molestie/hendrerit/at/vulputate
systematic,Fundamental foreground workforce,/tempus
knowledge user,Quality-focused didactic synergy,/nulla/pede/ullamcorper/augue
Expanded,Virtual explicit synergy,/commodo/vulputate/justo/in
installation,Integrated value-added system engine,/vivamus/in/felis/eu/sapien/cursus/vestibulum
needs-based,Business-focused bandwidth-monitored data-warehouse,/elementum/in/hac/habitasse
background,Seamless even-keeled analyzer,/a/feugiat
benchmark,Re-contextualized value-added ability,/quam
client-driven,Future-proofed interactive throughput,/felis/ut/at/dolor/quis/odio/consequat
Digitized,Exclusive leading edge approach,/vehicula/consequat/morbi/a/ipsum
ability,Balanced dedicated moratorium,/lobortis/sapien/sapien
motivating,Virtual value-added time-frame,/pede/posuere
De-engineered,Automated 4th generation matrix,/elementum/in/hac/habitasse/platea/dictumst/morbi
open system,Reactive explicit firmware,/sapien/cum/sociis/natoque/penatibus
Managed,Balanced disintermediate projection,/sed
budgetary management,User-friendly stable concept,/in/sagittis/dui/vel/nisl/duis
optimal,Organic multi-state software,/quis/turpis/eget/elit/sodales
directional,Object-based solution-oriented attitude,/cubilia/curae/donec/pharetra/magna
mobile,Re-contextualized contextually-based help-desk,/sagittis/sapien
Programmable,Automated well-modulated database,/sed/tristique/in/tempus/sit
Realigned,Realigned motivating hub,/lorem
Fundamental,Adaptive systematic initiative,/eleifend
Automated,Configurable optimizing migration,/quisque
intermediate,Business-focused bifurcated extranet,/eu/mi/nulla/ac/enim
forecast,Virtual motivating firmware,/tristique/tortor/eu/pede
user-facing,Managed 3rd generation paradigm,/at/diam/nam/tristique/tortor
local area network,Multi-layered bandwidth-monitored pricing structure,/blandit/ultrices/enim
client-server,Polarised contextually-based forecast,/amet/consectetuer/adipiscing/elit/proin
Innovative,Fundamental needs-based array,/egestas/metus/aenean/fermentum/donec
interactive,De-engineered systemic project,/tincidunt
systemic,Cross-platform coherent framework,/vulputate
extranet,Focused impactful product,/est/quam/pharetra/magna/ac
Exclusive,Streamlined analyzing local area network,/curae/donec/pharetra/magna/vestibulum/aliquet
parallelism,Vision-oriented bandwidth-monitored neural-net,/mauris/non/ligula/pellentesque/ultrices
Customizable,Profit-focused intangible implementation,/etiam/faucibus/cursus
responsive,Mandatory modular matrices,/ut/rhoncus/aliquet/pulvinar
object-oriented,Virtual directional open system,/eget/tempus/vel
high-level,Profound local project,/id/turpis/integer
Re-engineered,Synchronised disintermediate installation,/lacus/at/velit/vivamus/vel/nulla/eget
initiative,Synergistic local monitoring,/metus/vitae/ipsum/aliquam/non/mauris
knowledge base,Mandatory needs-based initiative,/posuere/cubilia/curae/mauris/viverra/diam/vitae
capability,Stand-alone systematic challenge,/pretium/iaculis
zero defect,Cloned composite moderator,/cras/non/velit/nec/nisi
infrastructure,Ergonomic high-level help-desk,/quis/orci/nullam/molestie/nibh
contextually-based,Adaptive neutral access,/vulputate/nonummy/maecenas/tincidunt
utilisation,Public-key upward-trending artificial intelligence,/donec/posuere/metus/vitae
project,Balanced static attitude,/sociis/natoque/penatibus/et/magnis/dis/parturient
Decentralized,Multi-lateral tangible frame,/amet/erat/nulla/tempus/vivamus/in/felis
Configurable,Versatile hybrid ability,/neque/duis
24 hour,Robust radical hierarchy,/vel/sem/sed/sagittis/nam/congue/risus
synergy,Decentralized systemic adapter,/vestibulum/aliquet/ultrices/erat
forecast,Customer-focused 6th generation capacity,/vivamus/in/felis
artificial intelligence,Vision-oriented systemic interface,/convallis/duis
Cross-platform,Persevering holistic architecture,/nulla/dapibus/dolor/vel
bottom-line,Multi-channelled empowering approach,/varius/integer/ac/leo/pellentesque
reciprocal,Seamless encompassing info-mediaries,/posuere/cubilia/curae/donec
leverage,Persevering uniform attitude,/erat/nulla/tempus/vivamus/in
coherent,Grass-roots human-resource extranet,/tellus/nisi/eu/orci/mauris/lacinia/sapien
Down-sized,Multi-layered executive middleware,/donec/pharetra/magna/vestibulum/aliquet/ultrices/erat
focus group,Synergistic human-resource analyzer,/erat/volutpat/in/congue/etiam
Re-engineered,Robust content-based local area network,/sapien/non/mi/integer/ac/neque
Face to face,Up-sized multi-tasking focus group,/ut/ultrices/vel
explicit,Secured leading edge analyzer,/in/felis/eu/sapien
Synergized,Public-key even-keeled process improvement,/potenti/cras
systematic,Phased disintermediate superstructure,/congue/elementum/in/hac/habitasse/platea/dictumst
scalable,Re-contextualized mobile database,/sit
framework,Cloned fault-tolerant methodology,/donec/pharetra/magna/vestibulum/aliquet/ultrices
capacity,Future-proofed asymmetric superstructure,/orci/vehicula/condimentum/curabitur/in
empowering,Horizontal object-oriented implementation,/bibendum/imperdiet/nullam/orci/pede/venenatis
capability,Progressive contextually-based emulation,/elementum/ligula/vehicula/consequat
time-frame,Progressive holistic solution,/sapien/iaculis
even-keeled,Extended intangible flexibility,/platea/dictumst/aliquam
database,Monitored analyzing ability,/erat/tortor/sollicitudin/mi/sit
Seamless,Triple-buffered fresh-thinking artificial intelligence,/lectus
budgetary management,Down-sized didactic focus group,/massa/id/lobortis/convallis/tortor
customer loyalty,Robust optimal focus group,/pede
Focused,Open-architected bi-directional product,/tristique/est/et/tempus/semper
bandwidth-monitored,Triple-buffered discrete structure,/ut/mauris/eget/massa
standardization,Quality-focused well-modulated data-warehouse,/cum/sociis
Balanced,Right-sized tangible definition,/ac
process improvement,Switchable optimizing utilisation,/morbi/non/quam/nec
knowledge base,Front-line fresh-thinking application,/diam
encoding,Streamlined static frame,/at
mission-critical,Reverse-engineered systemic projection,/rhoncus/mauris
Inverse,Operative eco-centric application,/vestibulum/proin
zero tolerance,Sharable bifurcated neural-net,/quis/libero/nullam/sit
incremental,Open-architected national extranet,/sed/tincidunt/eu/felis/fusce/posuere/felis
implementation,Public-key multi-state ability,/ridiculus/mus/etiam/vel
encompassing,Persistent encompassing local area network,/amet/eleifend/pede/libero/quis/orci
help-desk,Persistent national project,/ultrices/posuere/cubilia/curae
website,Re-engineered upward-trending hierarchy,/libero/non/mattis/pulvinar/nulla/pede/ullamcorper
homogeneous,Adaptive zero tolerance methodology,/id/mauris/vulputate
Vision-oriented,Enterprise-wide regional infrastructure,/nulla/nunc/purus/phasellus/in
Devolved,Expanded modular standardization,/cum/sociis/natoque/penatibus/et/magnis
client-server,Pre-emptive non-volatile budgetary management,/ultrices/posuere/cubilia/curae/duis
Open-source,Decentralized intangible project,/eros/elementum
executive,Ameliorated clear-thinking implementation,/purus/sit/amet/nulla/quisque/arcu/libero
concept,Persevering background open architecture,/erat/quisque/erat/eros/viverra/eget/congue
Upgradable,Total composite access,/in/sapien/iaculis/congue/vivamus/metus/arcu
interactive,Proactive 6th generation neural-net,/porta/volutpat/quam/pede/lobortis/ligula/sit
executive,Assimilated contextually-based array,/augue/vestibulum/rutrum/rutrum/neque/aenean
toolset,Persevering demand-driven algorithm,/lobortis/est/phasellus/sit/amet/erat
Re-engineered,Profound local time-frame,/sapien/varius/ut/blandit
throughput,Phased holistic approach,/consequat/dui/nec/nisi/volutpat/eleifend
systemic,Seamless hybrid emulation,/nullam/orci/pede/venenatis/non/sodales/sed
success,Secured responsive implementation,/id/massa/id/nisl/venenatis/lacinia
Triple-buffered,Progressive impactful intranet,/fermentum/justo/nec/condimentum/neque
Expanded,Self-enabling web-enabled software,/tincidunt/eget/tempus
encompassing,Assimilated scalable time-frame,/felis/ut/at/dolor/quis/odio
Multi-channelled,Multi-layered heuristic service-desk,/pellentesque/volutpat/dui
Fundamental,Grass-roots directional open architecture,/aliquam/non/mauris/morbi/non
groupware,Organized even-keeled core,/duis
forecast,Down-sized analyzing Graphic Interface,/sapien/a/libero/nam/dui/proin
maximized,Implemented national contingency,/dolor/sit
regional,Sharable intermediate model,/ridiculus/mus
Cross-platform,Ameliorated uniform architecture,/tincidunt/eu/felis/fusce/posuere/felis
support,Optional cohesive conglomeration,/leo/odio/porttitor
implementation,Pre-emptive multi-state strategy,/nibh
6th generation,Up-sized heuristic array,/sapien/a/libero/nam/dui
Multi-lateral,Robust context-sensitive Graphical User Interface,/vulputate/justo/in/blandit/ultrices/enim
Diverse,Networked responsive contingency,/et/ultrices/posuere/cubilia/curae/donec
analyzing,Future-proofed reciprocal capability,/tortor/duis/mattis/egestas/metus
Diverse,Universal grid-enabled task-force,/arcu/sed/augue/aliquam/erat/volutpat
challenge,Triple-buffered disintermediate intranet,/integer/ac
Optimized,Multi-lateral 24 hour product,/etiam/faucibus/cursus/urna/ut
Right-sized,Vision-oriented uniform flexibility,/tincidunt/nulla/mollis
zero defect,Down-sized grid-enabled application,/ante/ipsum/primis/in/faucibus/orci
paradigm,Switchable upward-trending policy,/enim/sit
tangible,Reverse-engineered exuding structure,/donec
secured line,Automated interactive artificial intelligence,/ut/volutpat/sapien/arcu/sed/augue
Grass-roots,Total intangible Graphical User Interface,/augue/quam
standardization,Realigned maximized process improvement,/id/nisl/venenatis/lacinia/aenean/sit
uniform,Distributed dynamic product,/eget/congue/eget/semper/rutrum/nulla
structure,Distributed well-modulated archive,/ipsum/praesent/blandit
coherent,Object-based multi-state model,/penatibus/et/magnis/dis
analyzer,Enterprise-wide eco-centric capacity,/volutpat
mobile,Optimized hybrid leverage,/id/pretium
algorithm,Enhanced scalable toolset,/nonummy/maecenas/tincidunt/lacus
Implemented,Expanded 5th generation artificial intelligence,/suscipit/nulla/elit/ac/nulla/sed
6th generation,Reverse-engineered scalable time-frame,/consequat/lectus/in/est/risus/auctor/sed
portal,Self-enabling national knowledge base,/quisque
Innovative,Implemented optimal matrices,/orci/eget/orci
strategy,Switchable user-facing project,/venenatis/lacinia/aenean/sit/amet/justo/morbi
Down-sized,Persevering reciprocal emulation,/in/felis/eu/sapien/cursus/vestibulum/proin
Graphic Interface,Polarised interactive framework,/erat/vestibulum/sed
portal,Optional web-enabled complexity,/sapien/cum/sociis/natoque/penatibus/et/magnis
leverage,Universal neutral info-mediaries,/volutpat/quam
local,Profit-focused neutral frame,/montes/nascetur/ridiculus/mus/vivamus/vestibulum/sagittis
Switchable,Customizable national structure,/congue/etiam
next generation,Persevering non-volatile monitoring,/volutpat/convallis/morbi
Persevering,Customer-focused neutral local area network,/pulvinar/lobortis/est/phasellus/sit
open architecture,Configurable discrete monitoring,/praesent/id/massa/id/nisl
didactic,Up-sized tertiary open system,/vivamus/vestibulum/sagittis/sapien/cum/sociis/natoque
forecast,Customer-focused multi-tasking workforce,/vel/nulla/eget/eros
Grass-roots,Stand-alone empowering access,/eleifend/donec/ut/dolor/morbi
algorithm,Ameliorated secondary toolset,/tellus/in
Ergonomic,Operative contextually-based methodology,/pellentesque/at/nulla/suspendisse
Devolved,User-centric dynamic knowledge base,/nec/condimentum/neque
foreground,Sharable impactful algorithm,/vivamus/vestibulum/sagittis/sapien
definition,Team-oriented asynchronous focus group,/iaculis/diam/erat/fermentum
empowering,Profit-focused value-added analyzer,/quam/pede
middleware,Function-based dynamic moratorium,/vel/augue/vestibulum
dynamic,Progressive asymmetric open system,/pellentesque/ultrices/phasellus
Graphical User Interface,Automated bandwidth-monitored encryption,/sed/sagittis/nam
application,Synchronised non-volatile knowledge user,/vestibulum
interactive,Polarised cohesive neural-net,/purus/aliquet/at/feugiat
Multi-tiered,Team-oriented logistical forecast,/massa/quis/augue/luctus/tincidunt/nulla/mollis
workforce,Expanded scalable attitude,/sociis
4th generation,Profound heuristic throughput,/risus
contextually-based,Grass-roots secondary functionalities,/amet
Synergized,Grass-roots clear-thinking productivity,/in/hac/habitasse/platea
knowledge user,Monitored directional encryption,/libero/non/mattis/pulvinar/nulla/pede
Focused,Implemented attitude-oriented policy,/congue/eget/semper/rutrum/nulla/nunc
Secured,Networked demand-driven Graphic Interface,/eu/tincidunt/in/leo/maecenas/pulvinar
data-warehouse,Function-based national attitude,/nulla
Profit-focused,Fully-configurable non-volatile groupware,/id/justo/sit/amet/sapien/dignissim
exuding,Optimized interactive task-force,/ut/at/dolor/quis/odio/consequat/varius
Balanced,Organic multi-state analyzer,/tellus/nisi
24/7,Integrated contextually-based info-mediaries,/pede/malesuada/in/imperdiet/et/commodo
bandwidth-monitored,Synergized logistical array,/pretium/nisl/ut/volutpat/sapien/arcu/sed
high-level,Re-engineered national open system,/ac/tellus/semper/interdum/mauris/ullamcorper/purus
policy,Reduced 24 hour core,/nunc/proin/at/turpis/a/pede/posuere
infrastructure,Ameliorated zero defect encryption,/tellus/semper/interdum/mauris/ullamcorper/purus
directional,Versatile system-worthy circuit,/duis/consequat/dui/nec/nisi/volutpat/eleifend
info-mediaries,Customizable uniform success,/eget/tincidunt/eget/tempus/vel
implementation,Optional executive circuit,/laoreet/ut/rhoncus/aliquet/pulvinar
Realigned,Vision-oriented disintermediate installation,/integer/aliquet/massa/id/lobortis/convallis
Quality-focused,Fully-configurable eco-centric core,/sit/amet/eros/suspendisse/accumsan
implementation,Grass-roots disintermediate emulation,/maecenas/ut/massa/quis/augue/luctus
Synchronised,Distributed composite software,/tincidunt/nulla/mollis/molestie/lorem/quisque
application,Enhanced secondary standardization,/eleifend
Organic,Re-engineered composite hardware,/praesent
Ameliorated,Self-enabling composite collaboration,/vel/augue
bifurcated,Decentralized multi-state concept,/integer/aliquet/massa/id/lobortis/convallis/tortor
strategy,Synergistic multimedia moderator,/consequat/dui/nec/nisi/volutpat/eleifend/donec
Integrated,Customer-focused global framework,/quam/pede/lobortis/ligula
Public-key,Multi-channelled user-facing internet solution,/nulla/quisque/arcu/libero/rutrum
maximized,Balanced intangible system engine,/et
solution,User-centric clear-thinking open architecture,/nulla/suspendisse/potenti/cras
architecture,Optimized contextually-based instruction set,/eu/sapien/cursus
Triple-buffered,Multi-lateral optimal definition,/felis/fusce/posuere/felis/sed
fault-tolerant,Seamless radical conglomeration,/mus/vivamus/vestibulum/sagittis/sapien/cum/sociis
Distributed,User-friendly grid-enabled protocol,/orci/pede/venenatis
Integrated,Inverse regional workforce,/porttitor/lacus/at
5th generation,Seamless intangible framework,/viverra/diam/vitae/quam/suspendisse/potenti
Adaptive,Synergistic executive access,/sed/interdum/venenatis
tangible,Sharable clear-thinking adapter,/vivamus/vel/nulla/eget/eros/elementum
benchmark,Devolved real-time superstructure,/justo
structure,Upgradable regional matrices,/ultrices/aliquet
intranet,Synergized actuating structure,/et/eros
global,Balanced human-resource data-warehouse,/morbi/sem
human-resource,Distributed coherent capacity,/erat/eros
Realigned,Multi-channelled 5th generation definition,/primis/in/faucibus
secondary,Reactive next generation flexibility,/in/quam/fringilla/rhoncus/mauris/enim
policy,Reverse-engineered actuating contingency,/vel/augue/vestibulum/rutrum/rutrum/neque/aenean
Front-line,Centralized needs-based emulation,/ipsum/dolor/sit/amet/consectetuer
homogeneous,Stand-alone exuding encoding,/tellus/semper/interdum/mauris/ullamcorper/purus
bandwidth-monitored,Focused leading edge pricing structure,/sit
Reverse-engineered,Triple-buffered neutral Graphic Interface,/sit/amet
static,Implemented user-facing task-force,/sed/sagittis/nam/congue/risus/semper/porta
Streamlined,Stand-alone multi-state implementation,/imperdiet/sapien
ability,Streamlined intangible portal,/nisi/volutpat/eleifend/donec/ut/dolor
web-enabled,Persistent client-driven parallelism,/porta/volutpat/erat/quisque/erat
portal,Assimilated exuding throughput,/rhoncus/aliquet/pulvinar
Assimilated,Reactive attitude-oriented circuit,/tortor/id/nulla
Cloned,Enterprise-wide 24 hour architecture,/sit/amet/erat/nulla/tempus/vivamus/in
forecast,Optional mobile attitude,/nonummy/integer/non/velit/donec/diam
scalable,Enterprise-wide system-worthy architecture,/nulla/tempus/vivamus/in
fault-tolerant,Horizontal 5th generation customer loyalty,/dui/maecenas/tristique/est
Front-line,Upgradable encompassing approach,/primis/in/faucibus/orci/luctus/et
Synergized,Object-based real-time data-warehouse,/sed/augue/aliquam/erat/volutpat
emulation,Persistent transitional encoding,/tellus/nulla/ut/erat
systematic,Diverse holistic parallelism,/sapien/urna/pretium/nisl
support,Persevering 6th generation neural-net,/cubilia/curae/donec/pharetra/magna
Polarised,Programmable coherent monitoring,/at/turpis/donec/posuere/metus/vitae/ipsum
interactive,Inverse local time-frame,/sagittis/nam
Total,Enhanced methodical algorithm,/nisl/duis/bibendum/felis/sed/interdum/venenatis
portal,Up-sized composite ability,/turpis/nec/euismod/scelerisque/quam
Robust,Managed bifurcated methodology,/volutpat/quam/pede/lobortis
forecast,Grass-roots background website,/ut/nunc/vestibulum/ante/ipsum/primis
website,Profit-focused bandwidth-monitored moratorium,/a/odio/in
User-friendly,Devolved fault-tolerant hub,/nisl/duis/bibendum/felis/sed
Adaptive,Assimilated zero defect standardization,/sit/amet/nulla
neutral,Enhanced didactic synergy,/pharetra/magna/vestibulum/aliquet
6th generation,Persevering static toolset,/suscipit/a/feugiat
national,Open-architected bi-directional budgetary management,/id/massa/id/nisl/venenatis
Exclusive,Reverse-engineered full-range website,/orci/luctus/et/ultrices
Right-sized,De-engineered grid-enabled ability,/porttitor/lorem/id/ligula/suspendisse/ornare/consequat
Integrated,Ameliorated optimal internet solution,/nam
Pre-emptive,Mandatory 24/7 conglomeration,/adipiscing/molestie/hendrerit/at/vulputate
encryption,Cross-group demand-driven success,/elementum
framework,Robust explicit help-desk,/nam/nulla/integer/pede/justo/lacinia/eget
system engine,Enhanced intermediate productivity,/orci/luctus/et/ultrices/posuere/cubilia/curae
Profound,Team-oriented transitional paradigm,/eu/magna
didactic,Enhanced impactful open architecture,/ut/dolor/morbi/vel/lectus
Enterprise-wide,Programmable intangible concept,/orci/eget/orci/vehicula/condimentum/curabitur
adapter,Synergistic multimedia approach,/convallis/duis/consequat
hub,Business-focused tertiary matrices,/a/feugiat/et/eros/vestibulum/ac
Programmable,Object-based content-based ability,/ac/neque/duis
motivating,Universal hybrid firmware,/dolor/morbi
website,Multi-layered multimedia methodology,/vulputate/nonummy/maecenas/tincidunt
Realigned,Upgradable maximized frame,/in
Balanced,Mandatory modular utilisation,/nisi
Team-oriented,Inverse secondary utilisation,/ac
maximized,Diverse object-oriented matrices,/libero/nam/dui/proin
Profound,Multi-channelled neutral emulation,/in/hac/habitasse/platea
Customer-focused,User-centric high-level hierarchy,/felis/sed
neutral,Re-engineered fault-tolerant strategy,/interdum/in
maximized,Advanced content-based protocol,/quis/tortor/id/nulla
incremental,Advanced zero tolerance functionalities,/pretium/iaculis/diam/erat/fermentum/justo/nec
human-resource,Profit-focused grid-enabled solution,/felis/ut
intranet,Synergistic grid-enabled structure,/vitae/ipsum/aliquam
Managed,Customer-focused bandwidth-monitored policy,/eu/sapien/cursus/vestibulum
Progressive,Optimized zero defect core,/maecenas
attitude,Universal 6th generation firmware,/vestibulum
Business-focused,Monitored disintermediate emulation,/suspendisse/potenti/cras/in/purus
Innovative,Team-oriented 24/7 architecture,/nisl/nunc/rhoncus/dui/vel/sem
Optimized,Streamlined attitude-oriented capability,/dolor/quis/odio/consequat/varius
approach,Quality-focused bottom-line initiative,/porttitor/id/consequat
encryption,Front-line static time-frame,/odio
archive,Intuitive radical capacity,/velit/id/pretium
moratorium,Multi-tiered impactful Graphical User Interface,/pede/venenatis/non/sodales/sed/tincidunt
Triple-buffered,Adaptive tertiary encoding,/volutpat/convallis/morbi
Switchable,Customer-focused background concept,/a/suscipit/nulla/elit/ac/nulla
application,Organic tertiary function,/in/lacus/curabitur/at/ipsum/ac
hybrid,Optional contextually-based emulation,/leo/maecenas/pulvinar/lobortis
directional,Digitized even-keeled architecture,/lectus/aliquam/sit/amet
composite,Persevering bandwidth-monitored capability,/dui
interface,Organic analyzing frame,/praesent/lectus/vestibulum/quam/sapien/varius
model,Cross-group human-resource time-frame,/at
explicit,Up-sized analyzing capability,/ante/ipsum/primis/in/faucibus
data-warehouse,Exclusive composite task-force,/felis/donec
empowering,Multi-layered value-added Graphical User Interface,/montes/nascetur/ridiculus/mus
leverage,Streamlined multi-state structure,/integer/ac/leo/pellentesque/ultrices
concept,Function-based 4th generation toolset,/sociis
moderator,Exclusive cohesive benchmark,/pellentesque/eget
solution-oriented,Object-based executive website,/consequat/varius/integer/ac
Multi-lateral,Front-line systematic knowledge base,/leo/odio/porttitor/id/consequat
Seamless,Assimilated human-resource workforce,/morbi/a/ipsum/integer/a/nibh
Up-sized,Managed directional local area network,/placerat/praesent/blandit/nam/nulla/integer
budgetary management,Upgradable fault-tolerant hardware,/vehicula/consequat/morbi/a/ipsum/integer
Decentralized,Streamlined logistical forecast,/justo/sit/amet
Persevering,Grass-roots cohesive algorithm,/lobortis/vel/dapibus/at/diam/nam
Distributed,Re-contextualized transitional open architecture,/ligula/vehicula/consequat/morbi/a
hybrid,Streamlined systemic collaboration,/curabitur/in/libero/ut/massa/volutpat/convallis
foreground,Organic context-sensitive array,/sit
Fundamental,Profit-focused disintermediate task-force,/vel/sem/sed
approach,Open-architected object-oriented help-desk,/tortor/risus/dapibus
project,Programmable modular complexity,/nec/molestie/sed
hybrid,Inverse zero administration neural-net,/dui/proin/leo/odio/porttitor/id/consequat
content-based,Devolved systematic installation,/tempus/vivamus
productivity,Open-architected transitional middleware,/curabitur/at/ipsum/ac/tellus/semper/interdum
Self-enabling,Adaptive intermediate matrix,/nulla/facilisi/cras/non
responsive,Mandatory system-worthy frame,/tristique/est/et/tempus
Business-focused,Enhanced encompassing benchmark,/aliquet
encompassing,Re-engineered regional archive,/in/blandit
transitional,Centralized full-range emulation,/nec/euismod/scelerisque
Networked,Total even-keeled time-frame,/metus/aenean/fermentum
core,Upgradable scalable budgetary management,/ut/nulla/sed/accumsan/felis
Extended,Enterprise-wide global parallelism,/diam/id/ornare/imperdiet/sapien/urna
moderator,Monitored zero tolerance hub,/morbi/non/lectus/aliquam/sit/amet/diam
empowering,Profit-focused disintermediate standardization,/ipsum/ac/tellus
methodical,Total object-oriented interface,/diam/neque/vestibulum
protocol,Public-key maximized superstructure,/posuere/nonummy/integer/non/velit/donec/diam
Sharable,Multi-tiered analyzing alliance,/vestibulum/sit/amet/cursus
Customer-focused,Streamlined reciprocal adapter,/primis/in
coherent,Re-contextualized bandwidth-monitored definition,/tristique/fusce/congue/diam
application,Business-focused disintermediate moratorium,/faucibus
intranet,Fully-configurable optimizing functionalities,/dui/nec/nisi/volutpat/eleifend/donec/ut
object-oriented,Right-sized hybrid product,/metus/aenean/fermentum/donec/ut/mauris
incremental,Phased multimedia system engine,/erat/curabitur/gravida/nisi
extranet,Robust scalable portal,/curae/mauris/viverra/diam/vitae
bi-directional,Distributed fresh-thinking projection,/feugiat/non/pretium/quis/lectus/suspendisse
multimedia,Expanded homogeneous contingency,/ipsum/integer/a/nibh/in/quis
fault-tolerant,Front-line zero administration firmware,/amet/diam/in/magna
Devolved,Advanced 3rd generation secured line,/donec/ut/dolor
focus group,Function-based attitude-oriented info-mediaries,/vestibulum/vestibulum/ante/ipsum/primis
capability,Focused hybrid implementation,/adipiscing
eco-centric,Switchable impactful migration,/cubilia/curae/donec/pharetra
clear-thinking,Reactive tertiary local area network,/nec/euismod/scelerisque/quam
national,Robust even-keeled monitoring,/duis/bibendum/felis/sed/interdum/venenatis/turpis
foreground,Open-architected cohesive complexity,/ipsum/dolor/sit/amet/consectetuer/adipiscing
interface,Fundamental radical synergy,/aenean
challenge,Polarised 5th generation matrix,/id
Front-line,Fundamental executive contingency,/congue/eget/semper/rutrum/nulla/nunc
Enhanced,Optional upward-trending array,/in/congue/etiam/justo/etiam/pretium
scalable,Polarised needs-based forecast,/cubilia/curae
Innovative,Persistent logistical system engine,/tristique/fusce
application,Configurable hybrid architecture,/semper/porta/volutpat/quam
Secured,Re-engineered tangible forecast,/hac/habitasse/platea/dictumst
bandwidth-monitored,Ergonomic context-sensitive definition,/enim/blandit/mi/in/porttitor/pede/justo
multimedia,Assimilated coherent product,/enim/leo/rhoncus/sed/vestibulum
global,Expanded asymmetric migration,/in/hac/habitasse/platea
task-force,Multi-layered grid-enabled model,/est/risus/auctor/sed/tristique
pricing structure,De-engineered maximized circuit,/nisi/eu/orci/mauris/lacinia/sapien/quis
monitoring,Triple-buffered optimal emulation,/sodales/scelerisque/mauris
Reactive,Open-source foreground hub,/faucibus/accumsan
solution,Stand-alone optimizing groupware,/varius/ut/blandit/non/interdum/in
zero tolerance,Networked upward-trending Graphic Interface,/est/et/tempus/semper/est/quam
Digitized,Universal full-range hierarchy,/nulla/ac
fault-tolerant,Optimized contextually-based architecture,/nulla/facilisi
Mandatory,Exclusive motivating hardware,/turpis/eget/elit/sodales/scelerisque/mauris/sit
directional,Reduced 5th generation neural-net,/proin/eu/mi/nulla/ac
Cloned,Up-sized web-enabled standardization,/sapien
application,Sharable upward-trending archive,/lacinia/aenean/sit/amet/justo/morbi/ut
help-desk,Configurable fault-tolerant website,/turpis/enim/blandit/mi/in/porttitor/pede
support,Realigned well-modulated framework,/orci/mauris/lacinia/sapien/quis
object-oriented,Phased system-worthy groupware,/elementum
Diverse,Organized discrete forecast,/amet/nulla/quisque/arcu/libero
Quality-focused,Multi-tiered zero administration firmware,/augue/vestibulum/rutrum/rutrum/neque/aenean/auctor
Switchable,Upgradable demand-driven adapter,/proin/eu/mi
actuating,Operative transitional groupware,/eu/orci/mauris/lacinia/sapien/quis/libero
regional,Digitized local matrix,/suspendisse/accumsan/tortor
migration,Programmable national groupware,/rutrum/neque/aenean/auctor/gravida/sem
Fundamental,Diverse 6th generation interface,/et
moratorium,Virtual clear-thinking internet solution,/eget/rutrum/at/lorem/integer
Inverse,Secured needs-based function,/dis/parturient/montes/nascetur/ridiculus/mus/etiam
4th generation,Cross-platform impactful emulation,/id/massa/id
system engine,Profit-focused dedicated circuit,/gravida/sem/praesent/id/massa/id/nisl
infrastructure,Assimilated radical task-force,/sed/vestibulum/sit/amet/cursus/id/turpis
Upgradable,Compatible directional emulation,/cursus/urna/ut/tellus/nulla
Enhanced,Cross-group hybrid monitoring,/in/blandit/ultrices
Inverse,Persevering client-server infrastructure,/sit/amet
full-range,Diverse holistic toolset,/aliquam/erat/volutpat/in/congue/etiam
holistic,Organized neutral parallelism,/dui/vel/sem
firmware,Open-architected demand-driven leverage,/mauris/eget/massa/tempor/convallis/nulla
Enhanced,Distributed 24/7 collaboration,/aenean/fermentum
Implemented,Upgradable value-added secured line,/sed
needs-based,Vision-oriented asynchronous frame,/fermentum/donec/ut/mauris/eget/massa
challenge,Customer-focused client-driven contingency,/duis/mattis
Ergonomic,Decentralized full-range concept,/habitasse/platea/dictumst
needs-based,Extended regional data-warehouse,/sed/justo/pellentesque/viverra/pede/ac
human-resource,Triple-buffered zero tolerance framework,/nulla/nunc/purus/phasellus/in/felis
open architecture,Fully-configurable zero tolerance hardware,/ipsum/dolor
web-enabled,Open-source interactive throughput,/in
function,Reverse-engineered asynchronous process improvement,/vestibulum/sagittis/sapien/cum/sociis/natoque/penatibus
Expanded,Realigned tertiary internet solution,/nec
dedicated,Upgradable encompassing architecture,/nec/molestie/sed/justo/pellentesque
heuristic,Optimized methodical website,/ac/diam
responsive,Profit-focused cohesive product,/consectetuer
Multi-tiered,Configurable reciprocal intranet,/luctus/et/ultrices
middleware,Persevering scalable knowledge user,/platea/dictumst
asynchronous,Right-sized radical migration,/quis/tortor/id/nulla/ultrices/aliquet
neutral,Distributed logistical projection,/ante/vestibulum/ante/ipsum/primis/in/faucibus
national,Configurable content-based monitoring,/sapien/quis/libero
hardware,De-engineered zero defect framework,/justo/aliquam/quis/turpis/eget/elit/sodales
Persistent,Business-focused exuding challenge,/porttitor/lorem/id/ligula/suspendisse
Quality-focused,Reverse-engineered coherent implementation,/in/est/risus/auctor/sed/tristique/in
groupware,Cross-group grid-enabled portal,/ipsum
forecast,Front-line web-enabled migration,/sapien/non/mi/integer/ac/neque/duis
uniform,Universal multi-tasking concept,/neque
regional,Object-based high-level concept,/a/feugiat/et
Vision-oriented,Fully-configurable cohesive Graphic Interface,/sapien/in/sapien/iaculis
synergy,Object-based multimedia adapter,/pellentesque/viverra/pede
time-frame,Optimized mission-critical standardization,/metus
fresh-thinking,Customizable fresh-thinking hierarchy,/primis/in/faucibus/orci/luctus/et/ultrices
project,Total analyzing encryption,/rhoncus/dui/vel/sem/sed/sagittis/nam
analyzing,Cross-platform user-facing customer loyalty,/dis/parturient
incremental,Re-contextualized intermediate software,/convallis/nunc
maximized,Implemented user-facing synergy,/tempor/turpis/nec/euismod/scelerisque/quam
tangible,Profound holistic function,/venenatis
Open-source,De-engineered 3rd generation help-desk,/id/sapien/in/sapien/iaculis
mobile,Virtual 6th generation system engine,/sit/amet/nulla/quisque/arcu/libero
logistical,De-engineered asymmetric migration,/quis/turpis/sed/ante
Automated,Polarised next generation website,/non/velit/nec/nisi/vulputate/nonummy
impactful,Progressive zero administration encryption,/phasellus/in/felis/donec/semper/sapien
encryption,Operative bottom-line open architecture,/in
bottom-line,Upgradable systematic interface,/vestibulum
Graphical User Interface,Robust 4th generation product,/convallis/tortor/risus
Organized,Streamlined actuating capacity,/tincidunt/nulla/mollis
Secured,Ergonomic even-keeled leverage,/cras/mi
multi-tasking,Synergized modular contingency,/sed/accumsan/felis/ut/at/dolor/quis
complexity,Optimized empowering synergy,/posuere/felis/sed/lacus/morbi
collaboration,Customer-focused systemic solution,/luctus/et/ultrices/posuere
systematic,Self-enabling multi-tasking internet solution,/ac/tellus
Virtual,Decentralized disintermediate contingency,/hac/habitasse/platea/dictumst
approach,Persevering neutral challenge,/justo
asynchronous,Digitized discrete knowledge user,/ipsum
matrix,Focused uniform concept,/tortor/risus
Monitored,Optimized bifurcated leverage,/ut/blandit/non/interdum/in/ante/vestibulum
hub,Reduced optimal knowledge user,/rutrum
Open-architected,Horizontal systematic standardization,/cubilia/curae/nulla
context-sensitive,Function-based uniform extranet,/at/lorem/integer/tincidunt
middleware,Devolved discrete model,/aenean/auctor/gravida/sem
foreground,Reverse-engineered grid-enabled encoding,/suspendisse/ornare/consequat/lectus/in/est/risus
content-based,User-friendly stable local area network,/sapien/sapien/non/mi/integer
analyzer,Multi-tiered mobile installation,/consequat/nulla
even-keeled,Public-key multi-tasking capability,/tincidunt/in/leo/maecenas/pulvinar/lobortis/est
portal,Implemented needs-based throughput,/vestibulum/ante/ipsum/primis
Ameliorated,Robust asymmetric superstructure,/nam/dui/proin
Profit-focused,Reduced responsive software,/quam
adapter,Pre-emptive background infrastructure,/consectetuer/adipiscing
artificial intelligence,Upgradable zero administration emulation,/suspendisse/potenti/nullam/porttitor
Cloned,Expanded fault-tolerant customer loyalty,/pellentesque/at/nulla
Devolved,Virtual static pricing structure,/in/libero/ut/massa/volutpat/convallis
help-desk,Down-sized high-level definition,/nunc/commodo/placerat
service-desk,Fully-configurable 6th generation pricing structure,/id/pretium/iaculis/diam/erat/fermentum/justo
software,Advanced systemic orchestration,/ac/diam/cras/pellentesque
object-oriented,Triple-buffered bifurcated benchmark,/erat/nulla/tempus
Business-focused,Managed discrete archive,/bibendum/morbi/non/quam/nec
client-server,Upgradable cohesive structure,/placerat/praesent
user-facing,Business-focused tertiary concept,/ipsum/primis/in/faucibus/orci/luctus/et
Focused,Sharable discrete moderator,/venenatis/lacinia/aenean/sit/amet/justo
bifurcated,Automated 24 hour frame,/pellentesque/volutpat/dui/maecenas/tristique
focus group,Vision-oriented actuating data-warehouse,/nisl/duis
real-time,Customizable directional function,/maecenas/rhoncus/aliquam/lacus/morbi/quis
Versatile,Profound multi-tasking application,/erat/fermentum/justo/nec
bifurcated,Reverse-engineered hybrid projection,/convallis/nunc/proin/at
Open-architected,User-centric object-oriented methodology,/venenatis
Persevering,Multi-channelled tangible internet solution,/nibh/in
Upgradable,Public-key grid-enabled encoding,/ultrices/posuere/cubilia/curae/duis/faucibus
leading edge,Networked next generation analyzer,/nullam/sit/amet
Re-contextualized,Synergized full-range interface,/nonummy
Fundamental,Public-key mobile system engine,/at/turpis
matrices,Compatible 6th generation system engine,/morbi/quis/tortor
benchmark,Stand-alone didactic function,/mauris/eget/massa/tempor/convallis
paradigm,Ameliorated eco-centric database,/in/lacus
Synchronised,Organic user-facing internet solution,/congue/diam/id/ornare/imperdiet/sapien
Compatible,Programmable static instruction set,/fermentum/donec/ut/mauris/eget
attitude-oriented,Programmable 24/7 parallelism,/nulla
Progressive,Operative demand-driven superstructure,/quis/tortor/id/nulla/ultrices/aliquet
groupware,Programmable intermediate productivity,/id/ornare/imperdiet/sapien/urna/pretium
Open-source,Focused methodical capability,/commodo
Cross-group,Front-line local pricing structure,/lectus/aliquam/sit/amet/diam/in
cohesive,Intuitive 6th generation capability,/in/lectus/pellentesque
Upgradable,Enhanced impactful secured line,/sapien/varius
multimedia,Team-oriented discrete capability,/pulvinar/sed/nisl
Multi-layered,Managed systematic ability,/vel
algorithm,Upgradable fault-tolerant matrices,/feugiat/non/pretium/quis/lectus
well-modulated,Quality-focused 6th generation instruction set,/ac/diam/cras/pellentesque/volutpat/dui/maecenas
complexity,Fully-configurable 5th generation infrastructure,/vulputate
Monitored,Inverse methodical application,/volutpat/quam/pede/lobortis/ligula/sit/amet
bifurcated,Reverse-engineered 4th generation methodology,/tellus/in/sagittis
Enterprise-wide,Configurable fresh-thinking attitude,/tellus/in/sagittis/dui/vel/nisl
Right-sized,Function-based neutral toolset,/vel
paradigm,Multi-layered needs-based orchestration,/lectus/pellentesque
leading edge,Triple-buffered 6th generation adapter,/nulla/ultrices/aliquet
Profit-focused,Intuitive solution-oriented knowledge base,/donec/dapibus/duis
internet solution,Progressive context-sensitive emulation,/nisi/nam/ultrices/libero/non
help-desk,Networked directional orchestration,/interdum/mauris/ullamcorper
value-added,Synergized full-range projection,/ut/ultrices/vel/augue
Enhanced,Versatile maximized contingency,/ipsum/primis/in
holistic,Down-sized bottom-line architecture,/diam/vitae
encoding,Sharable asymmetric interface,/sapien/urna
approach,Self-enabling bandwidth-monitored workforce,/curae/mauris/viverra/diam
framework,Ergonomic optimizing access,/felis/sed
Multi-tiered,Up-sized analyzing archive,/magna
hardware,Quality-focused fault-tolerant focus group,/eget/nunc/donec/quis/orci/eget
Versatile,Automated background initiative,/amet
Distributed,Networked systematic project,/sit/amet/eleifend/pede
Decentralized,Monitored global matrices,/pellentesque/viverra
didactic,Seamless radical help-desk,/donec/ut/mauris
Secured,Upgradable multimedia product,/semper/est/quam/pharetra/magna/ac
Mandatory,Up-sized attitude-oriented infrastructure,/nulla/elit/ac/nulla/sed/vel/enim
Decentralized,Decentralized impactful extranet,/posuere/cubilia/curae/nulla/dapibus/dolor
asymmetric,Horizontal upward-trending protocol,/maecenas/ut/massa/quis
tangible,Expanded holistic paradigm,/nec/condimentum/neque/sapien/placerat/ante
core,Re-engineered even-keeled intranet,/felis/fusce/posuere/felis
approach,Cross-platform 5th generation matrix,/viverra/diam
tangible,Exclusive secondary customer loyalty,/id/justo/sit
high-level,Polarised eco-centric policy,/magna
Ameliorated,Distributed zero tolerance database,/feugiat/et/eros/vestibulum/ac/est/lacinia
Vision-oriented,Synergized intermediate website,/in/hac
multi-state,Implemented radical website,/augue
initiative,Triple-buffered system-worthy analyzer,/est/phasellus/sit/amet/erat
zero tolerance,Optional client-server local area network,/ut/erat/curabitur/gravida/nisi/at
Ergonomic,Customer-focused multi-state policy,/id/nulla/ultrices/aliquet
data-warehouse,Ameliorated systemic infrastructure,/mauris/laoreet/ut/rhoncus/aliquet/pulvinar/sed
didactic,Triple-buffered hybrid software,/massa/tempor/convallis/nulla/neque
scalable,Open-architected zero tolerance matrices,/sit/amet/cursus/id/turpis/integer/aliquet
Extended,Focused mission-critical projection,/turpis
local,Virtual directional conglomeration,/diam/neque
Cross-platform,Customizable leading edge budgetary management,/donec/ut/dolor/morbi/vel/lectus
Implemented,Synergistic methodical groupware,/vulputate/vitae/nisl/aenean/lectus
Programmable,Profit-focused upward-trending hierarchy,/pede/justo
eco-centric,Realigned mobile structure,/morbi/non/lectus/aliquam/sit/amet/diam
Reactive,Synergized uniform adapter,/platea/dictumst/maecenas/ut/massa
synergy,Synergistic national artificial intelligence,/turpis/nec/euismod/scelerisque/quam/turpis
Upgradable,Robust holistic intranet,/cras
Synergized,Sharable multimedia hub,/faucibus/orci/luctus/et/ultrices/posuere/cubilia
policy,Upgradable modular circuit,/pretium/nisl/ut/volutpat/sapien/arcu/sed
didactic,Multi-layered asynchronous parallelism,/lacus/curabitur
productivity,Seamless grid-enabled algorithm,/fermentum/donec/ut/mauris/eget/massa
intangible,Cloned well-modulated moderator,/fermentum/donec/ut/mauris
moratorium,Face to face 5th generation budgetary management,/nascetur/ridiculus/mus/vivamus/vestibulum
6th generation,Assimilated 5th generation paradigm,/ante/vivamus/tortor/duis/mattis/egestas/metus
Progressive,Visionary client-driven support,/etiam/vel
Realigned,Extended heuristic encryption,/faucibus/orci/luctus/et/ultrices/posuere/cubilia
Virtual,Automated 4th generation product,/leo/odio/porttitor/id/consequat/in/consequat
Pre-emptive,Optional regional access,/quis/lectus/suspendisse/potenti
Function-based,Sharable motivating conglomeration,/lectus/vestibulum
upward-trending,Fundamental encompassing application,/volutpat/erat
matrix,Re-contextualized hybrid concept,/posuere/nonummy/integer/non/velit/donec/diam
analyzing,Face to face optimal approach,/eget/nunc/donec/quis
systematic,Streamlined user-facing matrices,/vestibulum/ante/ipsum
Operative,Team-oriented well-modulated open system,/tristique/in/tempus/sit
monitoring,Multi-lateral asynchronous framework,/augue/luctus
matrix,Cross-platform multimedia service-desk,/augue/vestibulum/rutrum
function,Face to face multi-tasking superstructure,/tellus/nulla/ut/erat/id/mauris/vulputate
throughput,Organic empowering instruction set,/ante/ipsum/primis/in/faucibus/orci
Diverse,Diverse explicit frame,/dui/luctus
global,User-friendly radical array,/velit/vivamus/vel/nulla/eget/eros/elementum
array,Implemented responsive framework,/in/sapien
Streamlined,Optional zero defect alliance,/morbi/non/lectus
dedicated,Re-contextualized asymmetric local area network,/cubilia/curae/mauris/viverra/diam/vitae/quam
neutral,Visionary logistical success,/morbi/quis/tortor/id/nulla/ultrices
Implemented,Adaptive logistical moratorium,/duis
Profound,Triple-buffered next generation structure,/sociis/natoque/penatibus/et/magnis/dis/parturient
optimizing,Fully-configurable interactive application,/blandit/ultrices/enim/lorem/ipsum/dolor/sit
Cross-platform,Optional hybrid algorithm,/vitae/quam
implementation,Reverse-engineered systematic access,/risus/dapibus/augue/vel/accumsan/tellus/nisi
tangible,Vision-oriented mission-critical extranet,/lectus/suspendisse/potenti/in/eleifend/quam
Self-enabling,Triple-buffered regional structure,/nulla/tellus/in/sagittis/dui
Reverse-engineered,Grass-roots zero defect access,/donec/ut/dolor/morbi/vel/lectus
Extended,Open-source background encryption,/vitae/nisl/aenean
transitional,Managed intermediate local area network,/phasellus/in
Inverse,Automated incremental access,/dui/proin/leo/odio
high-level,Devolved leading edge help-desk,/donec/pharetra
Quality-focused,Fully-configurable content-based local area network,/odio/cras/mi/pede/malesuada
secondary,Horizontal fault-tolerant analyzer,/tortor/quis/turpis/sed
paradigm,Vision-oriented multimedia knowledge user,/a/suscipit/nulla/elit/ac/nulla/sed
protocol,Total actuating initiative,/ornare/consequat/lectus/in/est/risus
Triple-buffered,Diverse high-level orchestration,/iaculis
Operative,Devolved next generation knowledge base,/tellus/nulla/ut/erat/id
Quality-focused,Compatible optimal interface,/amet
Exclusive,Cloned national projection,/vulputate/luctus
Synergized,Configurable clear-thinking contingency,/nibh/quisque/id/justo/sit/amet/sapien
groupware,Multi-lateral asymmetric analyzer,/ipsum/dolor/sit/amet/consectetuer/adipiscing/elit
next generation,User-centric motivating firmware,/ullamcorper/augue/a/suscipit/nulla/elit/ac
Monitored,Customer-focused fresh-thinking access,/nulla/dapibus/dolor/vel/est/donec
Implemented,Devolved regional concept,/sed
capability,Advanced contextually-based access,/hac/habitasse
full-range,Distributed needs-based productivity,/tortor/risus/dapibus/augue
Innovative,Horizontal 24 hour structure,/mi/sit/amet/lobortis/sapien/sapien
demand-driven,Managed even-keeled capability,/nulla/ut/erat/id/mauris/vulputate/elementum
Future-proofed,Secured asynchronous policy,/massa/quis/augue
Programmable,Balanced leading edge open system,/nulla/sed/accumsan
Customer-focused,Vision-oriented multimedia task-force,/nec/nisi/vulputate
Vision-oriented,Persevering bottom-line complexity,/nullam
coherent,Versatile client-server success,/at
neutral,Optimized fresh-thinking protocol,/donec/ut/dolor/morbi/vel/lectus
systematic,Networked interactive capacity,/praesent
disintermediate,Mandatory uniform toolset,/quam/a
systematic,Synergistic fresh-thinking help-desk,/morbi/ut/odio/cras/mi
project,Persistent impactful circuit,/tempus/sit/amet/sem/fusce
Vision-oriented,Persevering impactful implementation,/ut/erat/id/mauris/vulputate/elementum/nullam
Progressive,Reactive regional success,/consequat/ut/nulla
tertiary,Diverse multi-tasking pricing structure,/velit/eu/est/congue/elementum/in
Stand-alone,Multi-channelled dynamic alliance,/orci/eget/orci/vehicula/condimentum/curabitur/in
firmware,Synchronised asynchronous matrix,/pretium/iaculis/diam/erat/fermentum
Reactive,Progressive 5th generation analyzer,/erat/tortor
Triple-buffered,Re-engineered context-sensitive approach,/velit/vivamus/vel/nulla/eget
24/7,Synchronised directional software,/donec/vitae/nisi/nam
hardware,Object-based leading edge installation,/magna/at/nunc/commodo
multi-state,Cloned disintermediate forecast,/quam/suspendisse
Open-architected,Progressive directional support,/iaculis/justo/in/hac/habitasse
Mandatory,Inverse secondary benchmark,/at/feugiat/non/pretium/quis
maximized,Persevering global emulation,/leo
core,Ameliorated multi-state archive,/odio/condimentum/id/luctus
application,Switchable zero administration groupware,/in/hac/habitasse/platea
adapter,Function-based contextually-based protocol,/eget/orci/vehicula/condimentum/curabitur/in
systematic,Adaptive explicit pricing structure,/ut
even-keeled,Advanced demand-driven middleware,/in/lectus/pellentesque/at/nulla/suspendisse/potenti
Open-source,Ergonomic neutral ability,/integer
intangible,Multi-channelled fault-tolerant functionalities,/in/lectus/pellentesque
high-level,Advanced transitional firmware,/pretium/iaculis/diam/erat/fermentum
product,Assimilated uniform paradigm,/donec/pharetra/magna/vestibulum/aliquet/ultrices
contextually-based,Synchronised global initiative,/eu
Reactive,Realigned methodical encryption,/nulla/mollis/molestie/lorem/quisque
Graphic Interface,Organized discrete parallelism,/id/ornare/imperdiet/sapien
Expanded,Profound local neural-net,/quis/odio/consequat/varius/integer/ac/leo
actuating,Synchronised mobile matrix,/congue/vivamus/metus/arcu/adipiscing
toolset,Digitized dynamic local area network,/sit/amet
Cloned,Focused clear-thinking hardware,/a/pede/posuere/nonummy/integer/non/velit
impactful,Inverse client-server conglomeration,/at
local,Upgradable object-oriented hierarchy,/orci/luctus/et
emulation,Operative maximized paradigm,/est
hardware,Multi-channelled reciprocal instruction set,/ipsum/integer/a/nibh/in/quis
array,Intuitive methodical application,/consequat/varius/integer/ac/leo/pellentesque
Cloned,Object-based heuristic strategy,/eget/vulputate
Decentralized,Configurable methodical internet solution,/nibh/in/lectus
empowering,Intuitive dynamic productivity,/pede/malesuada/in/imperdiet
Total,Ameliorated 6th generation matrix,/elementum/in/hac
software,Managed intermediate middleware,/donec/vitae/nisi/nam/ultrices/libero/non
benchmark,Phased analyzing projection,/viverra/eget/congue/eget/semper/rutrum/nulla
Pre-emptive,Balanced fault-tolerant local area network,/amet/turpis/elementum/ligula
product,Ergonomic multimedia knowledge user,/volutpat
hardware,Compatible static approach,/ridiculus/mus/vivamus/vestibulum/sagittis
Cloned,Virtual zero administration firmware,/justo/sit/amet/sapien/dignissim/vestibulum
Optimized,Horizontal bi-directional data-warehouse,/aenean/fermentum/donec
capacity,Switchable didactic matrices,/turpis/elementum/ligula/vehicula
circuit,Monitored needs-based open architecture,/amet/justo/morbi/ut
Up-sized,Implemented logistical leverage,/quam/nec
zero administration,Grass-roots 3rd generation concept,/molestie/sed/justo/pellentesque/viverra/pede
migration,Implemented global hardware,/duis/consequat/dui/nec/nisi/volutpat
Graphical User Interface,Compatible high-level array,/pellentesque/quisque/porta
Exclusive,Devolved neutral adapter,/curabitur/convallis
stable,Multi-layered content-based analyzer,/gravida/nisi/at/nibh/in/hac
User-friendly,Object-based scalable ability,/pellentesque/at/nulla/suspendisse
interface,Robust responsive standardization,/commodo/vulputate/justo/in/blandit/ultrices/enim
capability,Stand-alone multi-tasking architecture,/sem/fusce/consequat/nulla/nisl/nunc/nisl
challenge,Automated motivating extranet,/leo
Mandatory,Synchronised radical methodology,/non/velit/nec/nisi/vulputate/nonummy/maecenas
emulation,Triple-buffered uniform extranet,/nullam/molestie/nibh
user-facing,Adaptive local standardization,/pede/justo/lacinia/eget/tincidunt/eget/tempus
non-volatile,Function-based systemic encryption,/dapibus/duis
emulation,Realigned eco-centric access,/ultrices/erat/tortor
bi-directional,Vision-oriented real-time process improvement,/lacus/at/velit/vivamus/vel/nulla/eget
superstructure,Total eco-centric policy,/interdum/in/ante
interface,User-friendly global installation,/integer/pede/justo/lacinia
interactive,User-friendly bi-directional product,/at/nulla/suspendisse/potenti/cras
Down-sized,Vision-oriented dedicated flexibility,/arcu/sed/augue/aliquam/erat/volutpat
radical,Reverse-engineered encompassing throughput,/ut
motivating,Polarised eco-centric algorithm,/bibendum/imperdiet/nullam
matrices,Persistent hybrid concept,/tincidunt/nulla/mollis/molestie/lorem/quisque/ut
matrices,Robust national interface,/morbi
open architecture,Cross-group high-level architecture,/massa/quis/augue/luctus/tincidunt/nulla/mollis
pricing structure,Streamlined bandwidth-monitored ability,/sed/vel/enim/sit/amet
Diverse,Advanced web-enabled synergy,/at
Quality-focused,Advanced non-volatile project,/rhoncus/aliquet/pulvinar/sed/nisl/nunc/rhoncus
structure,Monitored dedicated analyzer,/at/lorem/integer/tincidunt
Polarised,Centralized encompassing data-warehouse,/duis/bibendum/morbi/non
Cloned,Managed contextually-based strategy,/justo/sollicitudin/ut/suscipit
Multi-channelled,Face to face local attitude,/non/velit/nec/nisi/vulputate/nonummy/maecenas
instruction set,Vision-oriented zero administration hierarchy,/vitae/nisi/nam
radical,Horizontal high-level knowledge user,/eget/eleifend/luctus/ultricies/eu/nibh/quisque
monitoring,Managed dynamic functionalities,/tortor/quis
5th generation,Devolved zero tolerance instruction set,/accumsan/odio/curabitur/convallis
eco-centric,Decentralized asymmetric frame,/lobortis/ligula/sit/amet
explicit,De-engineered executive core,/rutrum/nulla/nunc/purus/phasellus/in
intangible,Cloned tertiary software,/mauris/vulputate/elementum/nullam/varius/nulla/facilisi
orchestration,Cross-group maximized help-desk,/luctus/cum/sociis/natoque
reciprocal,Pre-emptive static info-mediaries,/turpis/eget/elit/sodales/scelerisque/mauris
6th generation,Object-based interactive superstructure,/suspendisse/potenti/nullam
secondary,Synchronised optimizing benchmark,/at/feugiat/non/pretium/quis/lectus
Team-oriented,Multi-tiered executive definition,/rutrum/at/lorem/integer/tincidunt
ability,Ameliorated actuating neural-net,/blandit
Multi-channelled,Cloned value-added emulation,/eros/vestibulum/ac/est/lacinia/nisi/venenatis
zero administration,User-friendly fresh-thinking task-force,/turpis/a
Intuitive,Vision-oriented upward-trending portal,/molestie/nibh/in/lectus/pellentesque
Expanded,Profit-focused transitional definition,/non/ligula/pellentesque/ultrices/phasellus
hub,Cross-group empowering attitude,/diam/cras/pellentesque/volutpat/dui/maecenas
mission-critical,Intuitive transitional array,/nulla/sed/accumsan
Compatible,Proactive multi-state leverage,/primis/in/faucibus/orci/luctus/et/ultrices
bifurcated,Profit-focused local array,/dapibus/augue/vel/accumsan/tellus
Integrated,Total value-added projection,/amet/diam/in/magna/bibendum
logistical,Adaptive zero administration throughput,/augue/aliquam/erat/volutpat/in
discrete,Realigned local challenge,/ac/leo/pellentesque/ultrices/mattis/odio
motivating,Pre-emptive coherent capability,/amet/nulla
challenge,Horizontal intermediate initiative,/donec/diam/neque
24/7,Cross-group contextually-based flexibility,/a/ipsum/integer/a/nibh
infrastructure,Profound explicit access,/at/diam/nam/tristique
benchmark,Synergistic web-enabled software,/vestibulum/vestibulum/ante/ipsum
Team-oriented,User-friendly didactic customer loyalty,/mauris/eget/massa/tempor/convallis/nulla/neque
Networked,Phased incremental focus group,/ligula/sit/amet/eleifend/pede
Inverse,Ameliorated value-added forecast,/potenti/in/eleifend/quam/a
exuding,Visionary systemic product,/id/turpis/integer
complexity,Extended executive system engine,/feugiat/et/eros/vestibulum
infrastructure,Enhanced scalable moderator,/velit/donec/diam/neque/vestibulum/eget
mobile,Customer-focused intermediate info-mediaries,/sem/fusce/consequat
open architecture,Cross-group bandwidth-monitored success,/non
internet solution,Devolved bi-directional function,/porttitor/lacus
grid-enabled,Open-source mission-critical archive,/nonummy/maecenas/tincidunt/lacus
migration,Total well-modulated budgetary management,/justo/aliquam/quis/turpis/eget/elit
system engine,Progressive grid-enabled protocol,/suspendisse/potenti/in/eleifend
local area network,Quality-focused intermediate focus group,/nisl/aenean/lectus
Fully-configurable,Reactive analyzing solution,/dui/luctus/rutrum
even-keeled,Re-contextualized contextually-based website,/eleifend/pede/libero/quis/orci
Automated,Operative solution-oriented customer loyalty,/proin/at/turpis/a/pede
solution-oriented,Centralized coherent challenge,/nunc
24/7,Open-source cohesive functionalities,/quam/suspendisse/potenti/nullam/porttitor
explicit,Versatile modular info-mediaries,/risus/auctor/sed/tristique/in/tempus/sit
Realigned,Managed national database,/orci
internet solution,Versatile holistic monitoring,/nullam/porttitor/lacus/at/turpis/donec/posuere
value-added,Customizable client-driven interface,/nulla
Team-oriented,Balanced systematic emulation,/odio/in/hac
coherent,Team-oriented user-facing challenge,/ridiculus
encompassing,Synergistic object-oriented synergy,/arcu/libero/rutrum/ac/lobortis/vel/dapibus
architecture,Up-sized local workforce,/posuere/metus/vitae/ipsum/aliquam
migration,Managed dedicated concept,/sociis
systematic,Balanced 4th generation workforce,/quam/a/odio/in/hac/habitasse
optimal,Digitized mission-critical adapter,/mi/pede/malesuada/in/imperdiet/et/commodo
solution-oriented,Devolved leading edge superstructure,/mattis/pulvinar/nulla/pede
framework,Profit-focused transitional core,/etiam/pretium/iaculis/justo/in
scalable,Switchable local process improvement,/nulla/sed/accumsan/felis
6th generation,Fundamental bifurcated standardization,/aliquam/quis/turpis/eget/elit
core,Visionary systemic encoding,/massa/id/nisl/venenatis
Persistent,Reduced actuating orchestration,/vel
intranet,Up-sized global support,/dui/maecenas/tristique/est/et
user-facing,Seamless fault-tolerant circuit,/augue/a
grid-enabled,Business-focused client-driven leverage,/vitae/mattis
hybrid,Integrated client-driven Graphic Interface,/ac/est/lacinia/nisi/venenatis
emulation,Assimilated high-level data-warehouse,/sem/mauris/laoreet/ut/rhoncus
monitoring,Automated uniform moratorium,/at/nulla/suspendisse/potenti/cras/in
24 hour,Decentralized high-level Graphic Interface,/turpis/elementum/ligula/vehicula/consequat
conglomeration,Multi-tiered encompassing Graphical User Interface,/eleifend/pede
Graphical User Interface,Innovative object-oriented adapter,/nulla/dapibus
access,Multi-lateral asymmetric structure,/et/ultrices/posuere/cubilia/curae
Front-line,Focused background solution,/neque/libero
Persevering,Balanced systemic capability,/ultrices/aliquet/maecenas/leo/odio/condimentum
Implemented,Up-sized national instruction set,/dictumst/aliquam/augue/quam
well-modulated,Synergistic zero administration instruction set,/vehicula/condimentum/curabitur
actuating,Managed non-volatile success,/tellus/semper/interdum/mauris/ullamcorper/purus/sit
stable,Upgradable contextually-based collaboration,/ipsum/dolor/sit/amet/consectetuer
Expanded,Sharable executive project,/nullam/porttitor/lacus/at
analyzing,Down-sized disintermediate frame,/tristique/fusce/congue/diam/id/ornare
Advanced,Stand-alone systemic hardware,/sem/fusce/consequat/nulla/nisl/nunc
moderator,Open-architected responsive model,/ipsum
methodical,Open-source didactic emulation,/nec/molestie
interactive,Switchable didactic local area network,/lectus
intranet,Ameliorated analyzing product,/duis/consequat
internet solution,Balanced client-driven algorithm,/at/diam/nam
moratorium,Persevering mobile database,/et/eros/vestibulum/ac/est
heuristic,Multi-layered motivating instruction set,/vivamus/vel/nulla/eget/eros/elementum
budgetary management,Multi-layered dedicated throughput,/potenti/cras/in/purus/eu/magna
Implemented,Cross-platform discrete hub,/ultricies/eu/nibh/quisque
explicit,Automated context-sensitive emulation,/scelerisque/mauris/sit/amet/eros
Graphical User Interface,Distributed exuding matrices,/in
non-volatile,Progressive directional task-force,/consequat/morbi/a/ipsum
4th generation,Profit-focused tertiary productivity,/elementum/nullam/varius/nulla
moratorium,Enterprise-wide demand-driven pricing structure,/nibh/quisque/id/justo/sit/amet/sapien
User-friendly,Synergized dedicated implementation,/consequat/nulla/nisl/nunc/nisl/duis/bibendum
foreground,Cloned reciprocal access,/pede/venenatis/non/sodales/sed/tincidunt/eu
website,Up-sized foreground superstructure,/sagittis/dui/vel/nisl/duis/ac/nibh
strategy,Multi-channelled maximized knowledge base,/nibh/fusce/lacus
Virtual,Down-sized dynamic structure,/lorem/ipsum/dolor/sit/amet/consectetuer
portal,Virtual 3rd generation challenge,/ac/neque/duis/bibendum/morbi/non/quam
application,Versatile zero tolerance parallelism,/in/faucibus/orci/luctus/et
Adaptive,Diverse regional throughput,/morbi
strategy,Upgradable responsive alliance,/sit/amet
approach,Pre-emptive well-modulated protocol,/eros/elementum/pellentesque/quisque/porta/volutpat/erat
toolset,Seamless fault-tolerant flexibility,/nulla/quisque
neural-net,Realigned foreground forecast,/mattis/egestas/metus/aenean/fermentum/donec
Innovative,Distributed hybrid open system,/curabitur/convallis
Pre-emptive,Switchable background matrices,/curae/mauris/viverra/diam
dedicated,Grass-roots needs-based groupware,/sem/mauris/laoreet
holistic,Fully-configurable empowering data-warehouse,/facilisi/cras/non/velit/nec/nisi/vulputate
parallelism,Focused systemic framework,/id/consequat/in
database,Multi-tiered human-resource matrices,/scelerisque/mauris/sit/amet
coherent,Progressive logistical complexity,/nulla/nisl/nunc/nisl/duis/bibendum
De-engineered,Cross-platform asymmetric concept,/lacus/purus/aliquet
implementation,Advanced fresh-thinking solution,/diam/erat/fermentum/justo/nec/condimentum/neque
bifurcated,Secured non-volatile protocol,/ut/tellus/nulla
disintermediate,Expanded background service-desk,/varius/ut/blandit/non/interdum
non-volatile,Team-oriented didactic product,/morbi/ut/odio
zero administration,Enterprise-wide 24 hour Graphical User Interface,/sapien/iaculis/congue/vivamus
conglomeration,Devolved web-enabled collaboration,/purus/sit/amet/nulla/quisque
Triple-buffered,Distributed background project,/arcu/libero
benchmark,Decentralized asynchronous protocol,/nonummy/integer/non/velit/donec
eco-centric,Intuitive multi-tasking circuit,/in/ante/vestibulum/ante/ipsum/primis/in
Extended,Cross-group contextually-based superstructure,/mauris/laoreet/ut
actuating,Re-contextualized systematic concept,/pede
multi-state,Horizontal well-modulated encoding,/nec
synergy,Future-proofed bifurcated frame,/suscipit/a
exuding,Reverse-engineered content-based monitoring,/erat/volutpat
upward-trending,Reactive 5th generation benchmark,/est/lacinia/nisi/venenatis/tristique/fusce/congue
full-range,Synergistic clear-thinking leverage,/proin/interdum/mauris/non
motivating,Open-architected 4th generation budgetary management,/nec/sem/duis/aliquam/convallis/nunc/proin
Up-sized,Organic 3rd generation infrastructure,/condimentum/id/luctus/nec/molestie
impactful,Upgradable explicit middleware,/eu
artificial intelligence,Open-source grid-enabled project,/donec/quis/orci/eget
process improvement,Diverse responsive portal,/sit/amet
Fundamental,Centralized dynamic portal,/luctus/rutrum/nulla/tellus/in
User-centric,Fully-configurable regional productivity,/ac/tellus/semper/interdum/mauris/ullamcorper/purus
pricing structure,Reactive needs-based collaboration,/libero/convallis/eget/eleifend/luctus/ultricies
demand-driven,Front-line non-volatile Graphic Interface,/ultrices/posuere/cubilia/curae/duis/faucibus
radical,Robust system-worthy matrix,/etiam/justo/etiam/pretium/iaculis
homogeneous,Up-sized disintermediate definition,/dui/vel/nisl/duis/ac/nibh
optimizing,Stand-alone explicit help-desk,/hac/habitasse/platea/dictumst/etiam
database,Expanded high-level model,/in/lectus/pellentesque/at
impactful,Inverse actuating challenge,/tortor/risus/dapibus/augue/vel/accumsan/tellus
Quality-focused,Cross-group grid-enabled emulation,/morbi
software,Customizable high-level database,/pellentesque/ultrices
real-time,Grass-roots 6th generation initiative,/arcu/libero
multi-tasking,Customer-focused radical support,/justo
global,Configurable explicit infrastructure,/quis
knowledge user,Assimilated composite contingency,/etiam/faucibus/cursus/urna/ut
support,Streamlined bifurcated standardization,/ante/ipsum/primis/in
bifurcated,Multi-layered encompassing help-desk,/lectus/suspendisse/potenti/in
mobile,Automated contextually-based local area network,/dolor/quis/odio/consequat
ability,Virtual bottom-line open architecture,/adipiscing/lorem
value-added,Right-sized background methodology,/et/ultrices
algorithm,Multi-layered even-keeled hub,/convallis
alliance,Vision-oriented foreground parallelism,/rutrum
